date,mean_age,date_colour
2020-02-02,52.5,1
2020-02-05,NA,2
2020-02-08,53.75,3
2020-02-09,52.5,4
2020-02-11,27.5,5
2020-02-21,77.5,6
2020-02-23,27.5,7
2020-02-24,42.5,8
2020-02-25,52.5,9
2020-02-26,41.25,10
2020-02-27,51.07142857142857,11
2020-02-28,41.13636363636363,12
2020-02-29,45.5,13
2020-03-01,47.25,14
2020-03-02,47.37179487179487,15
2020-03-03,47.12264150943396,16
2020-03-04,44.54081632653061,17
2020-03-05,43.98936170212766,18
2020-03-06,45.416666666666664,19
2020-03-07,51.875,20
2020-03-08,49.1,21
2020-03-09,49.53252032520325,22
2020-03-10,54.18888888888889,23
2020-03-11,52.330028328611895,24
2020-03-12,53.746973365617436,25
2020-03-13,58.65681233933162,26
2020-03-14,65.72115384615384,27
2020-03-15,64.67884130982368,28
2020-03-16,66.8692870201097,29
2020-03-17,63.65952732644018,30
2020-03-18,63.54535398230089,31
2020-03-19,63.48907103825137,32
2020-03-20,62.95454545454545,33
2020-03-21,64.482421875,34
2020-03-22,64.50414937759336,35
2020-03-23,63.85209163346614,36
2020-03-24,63.49002493765586,37
2020-03-25,64.02565256525652,38
2020-03-26,64.93285325029194,39
2020-03-27,64.75887345679013,40
2020-03-28,64.47748513169074,41
2020-03-29,65.00413223140495,42
2020-03-30,63.838008013737834,43
2020-03-31,63.50961538461539,44
2020-04-01,62.264967837704106,45
2020-04-02,61.646978363591145,46
2020-04-03,61.71886605595444,47
2020-04-04,60.951845184518454,48
2020-04-05,61.7516447368421,49
2020-04-06,59.71279069767442,50
2020-04-07,58.70467185761958,51
2020-04-08,58.956115448308495,52
2020-04-09,58.65673510265398,53
2020-04-10,59.05798128721293,54
2020-04-11,58.45277963831212,55
2020-04-12,58.65265866209263,56
2020-04-13,57.75365562518651,57
2020-04-14,56.80863477246208,58
2020-04-15,56.033879913190255,59
2020-04-16,56.435551419264776,60
2020-04-17,56.86983212227512,61
2020-04-18,54.283173902379204,62
2020-04-19,54.47211733952948,63
2020-04-20,58.071467915174885,64
2020-04-21,56.825498211548286,65
2020-04-22,54.415632232274355,66
2020-04-23,55.49910972624082,67
2020-04-24,55.78547893622029,68
2020-04-25,54.913263739637706,69
2020-04-26,53.47552799195441,70
2020-04-27,56.48463941681854,71
2020-04-28,55.58190772420944,72
2020-04-29,54.890086206896555,73
2020-04-30,56.1333802156587,74
2020-05-01,55.57805959123369,75
2020-05-02,56.97154471544715,76
2020-05-03,56.00984251968504,77
2020-05-04,59.572695035460995,78
2020-05-05,56.14509929532351,79
2020-05-06,55.28994447871684,80
2020-05-07,57.10220125786164,81
2020-05-08,53.44781273983116,82
2020-05-09,54.121848739495796,83
2020-05-10,54.7736368184092,84
2020-05-11,57.28782894736842,85
2020-05-12,56.273715074163505,86
2020-05-13,56.62898703119523,87
2020-05-14,54.05950752393981,88
2020-05-15,52.74752475247525,89
2020-05-16,50.02556818181818,90
2020-05-17,52.56645569620253,91
2020-05-18,54.18406718111666,92
2020-05-19,54.36331775700935,93
2020-05-20,53.87684301821336,94
2020-05-21,53.879003558718864,95
2020-05-22,54.94251261918116,96
2020-05-23,50.77426810477658,97
2020-05-24,50.20292887029289,98
2020-05-25,53.59283625730994,99
2020-05-26,53.548442906574394,100
2020-05-27,54.41469489414695,101
2020-05-28,54.152733118971064,102
2020-05-29,54.243589743589745,103
2020-05-30,53.027638190954775,104
2020-05-31,54.31541582150101,105
2020-06-01,55.76937835763622,106
2020-06-02,54.49404761904762,107
2020-06-03,53.7530612244898,108
2020-06-04,53.96106736657918,109
2020-06-05,52.01437066402379,110
2020-06-06,47.9375,111
2020-06-07,48.61363636363637,112
2020-06-08,50.17311608961303,113
2020-06-09,50.03104106972302,114
2020-06-10,50.63725490196079,115
2020-06-11,49.14459161147903,116
2020-06-12,47.3661670235546,117
2020-06-13,47.493589743589745,118
2020-06-14,45.58467741935484,119
2020-06-15,47.88090128755365,120
2020-06-16,48.70323559150657,121
2020-06-17,47.599889012208656,122
2020-06-18,46.4572192513369,123
2020-06-19,48.51600985221675,124
2020-06-20,45.681089743589745,125
2020-06-21,45.15510948905109,126
2020-06-22,45.33600493218249,127
2020-06-23,48.4820193637621,128
2020-06-24,45.95089903181189,129
2020-06-25,45.9181240063593,130
2020-06-26,45.76224328593997,131
2020-06-27,43.220338983050844,132
2020-06-28,43.21604938271605,133
2020-06-29,45.05287009063444,134
2020-06-30,43.183836589698046,135
2020-07-01,44.92928452579035,136
2020-07-02,46.254612546125465,137
2020-07-03,43.86105860113422,138
2020-07-04,42.067567567567565,139
2020-07-05,42.13619402985075,140
2020-07-06,45.100931677018636,141
2020-07-07,44.10649819494585,142
2020-07-08,44.488041853512705,143
2020-07-09,42.01994091580502,144
2020-07-10,43.867112810707454,145
2020-07-11,39.934679334916865,146
2020-07-12,38.25714285714286,147
2020-07-13,41.642011834319526,148
2020-07-14,42.33619344773791,149
2020-07-15,41.90642458100559,150
2020-07-16,41.36006289308176,151
2020-07-17,40.15567765567766,152
2020-07-18,39.348290598290596,153
2020-07-19,37.52421307506053,154
2020-07-20,41.05140186915888,155
2020-07-21,42.2667638483965,156
2020-07-22,40.33892617449664,157
2020-07-23,41.18131868131868,158
2020-07-24,41.02161785216178,159
2020-07-25,39.08163265306123,160
2020-07-26,37.55825242718446,161
2020-07-27,40.2363184079602,162
2020-07-28,41.007078507078504,163
2020-07-29,40.98909657320872,164
2020-07-30,40.08479532163743,165
2020-07-31,42.403225806451616,166
2020-08-01,38.60323886639676,167
2020-08-02,36.450980392156865,168
2020-08-03,41.315368196371395,169
2020-08-04,41.93478260869565,170
2020-08-05,40.93450479233227,171
2020-08-06,40.874233128834355,172
2020-08-07,39.95040840140023,173
2020-08-08,37.625984251968504,174
2020-08-09,37.796229802513466,175
2020-08-10,38.45693779904306,176
2020-08-11,39.719251336898395,177
2020-08-12,36.810344827586206,178
2020-08-13,39.52064896755162,179
2020-08-14,38.938223938223935,180
2020-08-15,37.09375,181
2020-08-16,35.4696394686907,182
2020-08-17,36.09664607237423,183
2020-08-18,38.146036916395225,184
2020-08-19,38.521555763823805,185
2020-08-20,35.749588138385505,186
2020-08-21,36.33848454636092,187
2020-08-22,34.08931082981716,188
2020-08-23,34.97832369942196,189
2020-08-24,36.112099644128115,190
2020-08-25,38.15776930409914,191
2020-08-26,35.33879539415412,192
2020-08-27,35.96153846153846,193
2020-08-28,34.67883211678832,194
2020-08-29,34.06644034917556,195
2020-08-30,34.164943123061015,196
2020-08-31,35.125498007968126,197
2020-09-01,37.82949790794979,198
2020-09-02,39.15128796616686,199
2020-09-03,38.41541353383459,200
2020-09-04,37.28454968944099,201
2020-09-05,36.22702205882353,202
2020-09-06,36.45711500974659,203
2020-09-07,38.07513104251601,204
2020-09-08,38.11474036850921,205
2020-09-09,37.15255731922399,206
2020-09-10,36.80084745762712,207
2020-09-11,36.89688715953307,208
2020-09-12,37.10962324103495,209
2020-09-13,37.13256907701352,210
2020-09-14,38.453644727530076,211
2020-09-15,39.072390572390574,212
2020-09-16,38.57502038597445,213
2020-09-17,37.34008253804488,214
2020-09-18,36.71793037672866,215
2020-09-19,35.952439024390245,216
2020-09-20,36.59837861524978,217
2020-09-21,37.271291657590936,218
2020-09-22,38.06161500191351,219
2020-09-23,36.91454037049983,220
2020-09-24,36.95991902834008,221
2020-09-25,36.3616298811545,222
2020-09-26,35.64478417266187,223
2020-09-27,34.36529372045915,224
2020-09-28,35.809305373525554,225
2020-09-29,35.435352358765286,226
2020-09-30,33.64250024022293,227
2020-10-01,34.0994274979873,228
2020-10-02,34.352384689162086,229
2020-10-03,34.98624519879581,230
2020-10-04,34.42865903515944,231
2020-10-05,35.86977630727181,232
2020-10-06,35.7540242869246,233
2020-10-07,35.82604663487017,234
2020-10-08,35.515684723869775,235
2020-10-09,36.49891691165094,236
2020-10-10,36.44497228820269,237
2020-10-11,37.30671043034282,238
2020-10-12,38.18445331006109,239
2020-10-13,38.04514591630215,240
2020-10-14,38.38070800811259,241
2020-10-15,38.59474311440678,242
2020-10-16,39.499512907939604,243
2020-10-17,39.909470752089135,244
2020-10-18,39.13263562580094,245
2020-10-19,39.76697935347404,246
2020-10-20,39.654254048631344,247
2020-10-21,39.61863200834836,248
2020-10-22,40.08196934268641,249
2020-10-23,40.62792204134512,250
2020-10-24,40.71034743202417,251
2020-10-25,40.78513034089156,252
2020-10-26,41.1351887339008,253
2020-10-27,40.987887212073076,254
2020-10-28,40.98880409679687,255
2020-10-29,41.63003663003663,256
2020-10-30,41.94421487603306,257
2020-10-31,41.39413588948407,258
2020-11-01,41.799266762415904,259
2020-11-02,42.10590152063722,260
2020-11-03,41.63605782343849,261
2020-11-04,41.592150836626175,262
2020-11-05,40.780205406452865,263
2020-11-06,41.36738855977469,264
2020-11-07,40.78415300546448,265
2020-11-08,40.927199730473355,266
2020-11-09,41.43737867567762,267
2020-11-10,41.58362989323843,268
2020-11-11,41.218705183364065,269
2020-11-12,40.72595511313885,270
2020-11-13,41.230406792311996,271
2020-11-14,40.62252467467153,272
2020-11-15,41.145493257629525,273
2020-11-16,41.158766150423546,274
2020-11-17,41.06389888089528,275
2020-11-18,40.28298204527713,276
2020-11-19,40.27121480606419,277
2020-11-20,40.65089779005525,278
2020-11-21,40.90518885921404,279
2020-11-22,40.311018060740594,280
2020-11-23,40.5226393912935,281
2020-11-24,41.39935064935065,282
2020-11-25,40.05235602094241,283
2020-11-26,40.02087639520463,284
2020-11-27,40.8039207525181,285
2020-11-28,39.92237392644792,286
2020-11-29,40.21684831970936,287
2020-11-30,40.966272109758556,288
2020-12-01,40.906025179856115,289
2020-12-02,40.30001501952538,290
2020-12-03,39.85852853578041,291
2020-12-04,40.229916679767335,292
2020-12-05,39.635473610973065,293
2020-12-06,39.84399629114511,294
2020-12-07,39.93948562783661,295
2020-12-08,39.89637226854951,296
2020-12-09,39.26773819866783,297
2020-12-10,39.0128749523654,298
2020-12-11,39.57800446609826,299
2020-12-12,38.85857250755287,300
2020-12-13,38.754718028419184,301
2020-12-14,39.01724843196073,302
2020-12-15,38.86644996196141,303
2020-12-16,38.72881780808182,304
2020-12-17,39.22855248393349,305
2020-12-18,39.42399049881235,306
2020-12-19,39.52907300761657,307
2020-12-20,38.849633591497934,308
2020-12-21,39.864305318947565,309
2020-12-22,39.87824395528636,310
2020-12-23,39.7951038853384,311
2020-12-24,40.20788129068384,312
2020-12-25,42.24027514231499,313
2020-12-26,40.322380106571934,314
2020-12-27,40.25312640363112,315
2020-12-28,40.989443426304824,316
2020-12-29,40.96842920782491,317
2020-12-30,40.68662561615646,318
2020-12-31,40.964465368244554,319
2021-01-01,41.88139386189258,320
2021-01-02,40.72288096340898,321
2021-01-03,40.077427130385466,322
2021-01-04,41.16249454227914,323
2021-01-05,41.68306762908726,324
2021-01-06,41.670133029863045,325
2021-01-07,42.02737764571626,326
2021-01-08,42.52343564120866,327
2021-01-09,41.95730394378966,328
2021-01-10,41.921936154598825,329
2021-01-11,42.902681317830954,330
2021-01-12,43.13218261300644,331
2021-01-13,42.41138869197487,332
2021-01-14,42.576113635176775,333
2021-01-15,42.446437843303364,334
2021-01-16,41.61657823969765,335
2021-01-17,41.728442334201254,336
2021-01-18,42.77523275627886,337
2021-01-19,42.615300760286225,338
2021-01-20,42.577524285669085,339
2021-01-21,42.26042249580302,340
2021-01-22,42.15392233807975,341
2021-01-23,41.89784891941022,342
2021-01-24,41.81266233766234,343
2021-01-25,42.6426454242312,344
2021-01-26,42.552740008240626,345
2021-01-27,42.21619401694622,346
2021-01-28,42.37463194700037,347
2021-01-29,42.47319240196079,348
2021-01-30,41.25284585509576,349
2021-01-31,41.49399619270757,350
2021-02-01,42.59175,351
2021-02-02,42.31889002615717,352
2021-02-03,41.80215078630897,353
2021-02-04,41.172910573153274,354
2021-02-05,41.96121155369877,355
2021-02-06,41.364803194523674,356
2021-02-07,41.094291943315824,357
2021-02-08,42.2432888367317,358
2021-02-09,41.69519714424793,359
2021-02-10,41.900169923534406,360
2021-02-11,41.16804197685891,361
2021-02-12,41.424802737902844,362
2021-02-13,40.81665150136488,363
2021-02-14,40.66960705693665,364
2021-02-15,42.17374688229142,365
2021-02-16,41.264694905766,366
2021-02-17,41.2382146439318,367
2021-02-18,41.100831390043595,368
2021-02-19,40.688976377952756,369
2021-02-20,40.2946103423161,370
2021-02-21,40.29663518299882,371
2021-02-22,40.813805399898115,372
2021-02-23,40.21000866015093,373
2021-02-24,40.42784075200442,374
2021-02-25,40.75551330798479,375
2021-02-26,39.85351389626483,376
2021-02-27,40.0733137829912,377
2021-02-28,39.882712901580824,378
2021-03-01,40.630011943354376,379
2021-03-02,39.84717519158795,380
2021-03-03,38.784222966318694,381
2021-03-04,38.196548821548824,382
2021-03-05,37.626987632508836,383
2021-03-06,37.667522291272626,384
2021-03-07,38.71363377067884,385
2021-03-08,37.339819004524884,386
2021-03-09,36.41472120393595,387
2021-03-10,36.83807330262367,388
2021-03-11,35.70042872454448,389
2021-03-12,35.85695595290013,390
2021-03-13,36.852309032820216,391
2021-03-14,35.32955499580185,392
2021-03-15,34.621829290872064,393
2021-03-16,34.07403478998727,394
2021-03-17,33.05177392739274,395
2021-03-18,33.2096917276558,396
2021-03-19,33.48151301386524,397
2021-03-20,34.33913172762414,398
2021-03-21,30.773691186216038,399
2021-03-22,32.94123389301054,400
2021-03-23,32.714169946746935,401
2021-03-24,31.498819826907948,402
2021-03-25,32.166666666666664,403
2021-03-26,34.153609401231115,404
2021-03-27,33.4403592002711,405
2021-03-28,30.782716049382717,406
2021-03-29,34.62893081761006,407
2021-03-30,34.732510288065846,408
2021-03-31,33.423002577319586,409
2021-04-01,34.206194690265484,410
2021-04-02,35.131954350927245,411
2021-04-03,34.785643070787636,412
2021-04-04,33.8517745302714,413
2021-04-05,34.73321067157314,414
2021-04-06,36.73705179282869,415
2021-04-07,34.66359356610435,416
2021-04-08,35.083130575831305,417
2021-04-09,36.637855579868706,418
2021-04-10,36.28177966101695,419
2021-04-11,32.999735589635115,420
2021-04-12,36.01657940663176,421
2021-04-13,36.645010395010395,422
2021-04-14,35.76903023983316,423
2021-04-15,34.26586187535093,424
2021-04-16,35.605086640581334,425
2021-04-17,32.45652173913044,426
2021-04-18,30.596820123398196,427
2021-04-19,34.394189891355694,428
2021-04-20,33.91179540709812,429
2021-04-21,33.367298578199055,430
2021-04-22,33.621846484165324,431
2021-04-23,34.752252252252255,432
2021-04-24,33.936925647451964,433
2021-04-25,31.097142857142856,434
2021-04-26,33.52070293692826,435
2021-04-27,33.415871121718375,436
2021-04-28,31.60938283993979,437
2021-04-29,33.10490940970193,438
2021-04-30,34.90938166311301,439
2021-05-01,33.42046470062556,440
2021-05-02,31.075557390586294,441
2021-05-03,31.44830659536542,442
2021-05-04,32.081256231306085,443
2021-05-05,31.23067331670823,444
2021-05-06,32.59238521836506,445
2021-05-07,33.23929961089494,446
2021-05-08,32.41169049621531,447
2021-05-09,30.705268935236003,448
2021-05-10,30.46228150873965,449
2021-05-11,33.00925925925926,450
2021-05-12,32.195676905574516,451
2021-05-13,32.49388004895961,452
2021-05-14,31.38432580424367,453
2021-05-15,31.820739549839228,454
2021-05-16,30.072847682119207,455
2021-05-17,30.71969696969697,456
2021-05-18,30.00943396226415,457
2021-05-19,29.632284921369102,458
2021-05-20,31.411099421357182,459
2021-05-21,30.76062639821029,460
2021-05-22,31.15877712031558,461
2021-05-23,30.366449511400653,462
2021-05-24,30.084876543209877,463
2021-05-25,29.892442947998504,464
2021-05-26,29.92200328407225,465
2021-05-27,29.757735464127848,466
2021-05-28,31.02763997165131,467
2021-05-29,30.425442291491155,468
2021-05-30,30.84256329113924,469
2021-05-31,30.7978374836173,470
2021-06-01,31.134994206257243,471
2021-06-02,30.678841825250664,472
2021-06-03,30.119527940286464,473
2021-06-04,31.118574148508568,474
2021-06-05,30.59592641261498,475
2021-06-06,29.963673823465626,476
2021-06-07,29.944410366508205,477
2021-06-08,29.550942514410345,478
2021-06-09,29.759536275243082,479
2021-06-10,29.67139771675409,480
2021-06-11,29.972710014238253,481
2021-06-12,29.612325091048497,482
2021-06-13,28.763550135501355,483
2021-06-14,29.120150550086855,484
2021-06-15,27.965393794749403,485
2021-06-16,28.302414928649835,486
2021-06-17,28.689304812834223,487
2021-06-18,28.55493724840161,488
2021-06-19,28.591421958628672,489
2021-06-20,27.932740480961925,490
2021-06-21,28.00912778904665,491
2021-06-22,27.906866103372156,492
2021-06-23,27.848105689920313,493
2021-06-24,28.297774288250153,494
2021-06-25,28.101981026785715,495
2021-06-26,28.225941741650146,496
2021-06-27,27.988603702961033,497
2021-06-28,27.77480010543889,498
2021-06-29,28.124360514257752,499
2021-06-30,28.361801910334737,500
2021-07-01,28.754628250414946,501
2021-07-02,28.92453834405517,502
2021-07-03,29.035211967596045,503
2021-07-04,28.922087390056912,504
2021-07-05,28.791134076692956,505
2021-07-06,29.209382299506878,506
2021-07-07,29.420642064206422,507
2021-07-08,29.883417016300985,508
2021-07-09,30.135802469135804,509
2021-07-10,30.393900378208738,510
2021-07-11,30.312872467222885,511
2021-07-12,30.205360537321,512
2021-07-13,29.98860074095184,513
2021-07-14,30.17397025521758,514
2021-07-15,30.421647574424114,515
2021-07-16,30.89280347805181,516
2021-07-17,31.507920389926888,517
2021-07-18,31.322511357666038,518
2021-07-19,31.751373626373628,519
2021-07-20,31.68924337018157,520
2021-07-21,31.790782439656567,521
2021-07-22,31.89211248794242,522
2021-07-23,32.12213083798414,523
2021-07-24,31.56608466145569,524
2021-07-25,31.450284907731717,525
2021-07-26,31.970796529047824,526
2021-07-27,31.31801609004082,527
2021-07-28,30.93838337535335,528
2021-07-29,31.254366723535625,529
2021-07-30,31.98089216555457,530
2021-07-31,32.251047778709136,531
2021-08-01,32.218653079308815,532
2021-08-02,32.72664648581519,533
2021-08-03,32.44174535485836,534
2021-08-04,32.63574660633484,535
2021-08-05,32.70527162389413,536
2021-08-06,33.4241156490763,537
2021-08-07,33.43972362586367,538
2021-08-08,33.4656740052102,539
2021-08-09,33.86146989266873,540
2021-08-10,33.70973154362416,541
2021-08-11,33.93608942888426,542
2021-08-12,34.28168200618549,543
2021-08-13,34.57487753673898,544
2021-08-14,34.070172488348625,545
2021-08-15,34.30652006172839,546
2021-08-16,34.04202811845648,547
2021-08-17,32.77588838382162,548
2021-08-18,33.39708725140068,549
2021-08-19,34.175704412546516,550
2021-08-20,34.763623567263224,551
2021-08-21,35.00919910961704,552
2021-08-22,35.30493386425008,553
2021-08-23,36.34421173918937,554
2021-08-24,35.72354487694442,555
2021-08-25,36.19365378225717,556
2021-08-26,36.48274790177184,557
2021-08-27,36.10146678536606,558
2021-08-28,35.521375369860216,559
2021-08-29,36.20472567509644,560
2021-08-30,35.456109622913665,561
2021-08-31,34.344915695094706,562
2021-09-01,33.565808297567955,563
2021-09-02,34.04029310171367,564
2021-09-03,34.29417122040073,565
2021-09-04,34.67617486338798,566
2021-09-05,34.45408319148007,567
2021-09-06,33.64494235775381,568
2021-09-07,33.72328314359163,569
2021-09-08,35.05856179416577,570
2021-09-09,34.72019004372687,571
2021-09-10,34.902966926070036,572
2021-09-11,33.74020730384476,573
2021-09-12,31.92871818285584,574
2021-09-13,31.476305825835606,575
2021-09-14,30.84763071895425,576
2021-09-15,32.04015690898372,577
2021-09-16,31.084377745918697,578
2021-09-17,30.689465480883836,579
2021-09-18,30.846900438321853,580
2021-09-19,28.44437124269126,581
2021-09-20,28.527706287929337,582
2021-09-21,28.3026554013277,583
2021-09-22,30.58737008983618,584
2021-09-23,30.7624739002088,585
2021-09-24,30.80152445060384,586
2021-09-25,30.612061108458835,587
2021-09-26,29.546711622973177,588
2021-09-27,28.99500429897121,589
2021-09-28,29.626060606060605,590
2021-09-29,31.984110390968013,591
2021-09-30,31.35623135877978,592
2021-10-01,32.331673181187746,593
2021-10-02,31.125227920893916,594
2021-10-03,30.834631504766143,595
2021-10-04,29.95074409349514,596
2021-10-05,31.48116518850481,597
2021-10-06,31.6422809979366,598
2021-10-07,32.106830818109614,599
2021-10-08,33.06178820329764,600
2021-10-09,32.41610675274952,601
2021-10-10,31.05989928011105,602
2021-10-11,30.859264163435164,603
2021-10-12,30.92521650153485,604
2021-10-13,31.195443645083934,605
2021-10-14,32.05751519737014,606
2021-10-15,32.866635353926064,607
2021-10-16,31.984413242303233,608
2021-10-17,30.806466958436403,609
2021-10-18,31.197964176134008,610
2021-10-19,31.977478510028654,611
2021-10-20,33.23766691394659,612
2021-10-21,34.29282763004556,613
2021-10-22,35.08980370938167,614
2021-10-23,31.96960085042178,615
2021-10-24,34.70086378954946,616
2021-10-25,35.62220775573766,617
2021-10-26,35.38821752265861,618
2021-10-27,35.958779041156205,619
2021-10-28,36.47863186576796,620
2021-10-29,36.29804425536943,621
2021-10-30,35.74059909637483,622
2021-10-31,35.31921532908275,623
2021-11-01,35.09787188650061,624
2021-11-02,35.496569303280005,625
2021-11-03,36.343230975551045,626
2021-11-04,36.57445518356547,627
2021-11-05,36.85401474889795,628
2021-11-06,35.9587460224981,629
2021-11-07,34.349982253421146,630
2021-11-08,33.93119368116587,631
2021-11-09,33.591380859884616,632
2021-11-10,33.99937514201318,633
2021-11-11,33.91176645992366,634
2021-11-12,34.28292983176036,635
2021-11-13,32.731342188302634,636
2021-11-14,31.809034141043917,637
2021-11-15,31.43178862749734,638
2021-11-16,31.200228714003536,639
2021-11-17,31.94001677852349,640
2021-11-18,32.362848632548065,641
2021-11-19,32.52286216085271,642
2021-11-20,31.600376242945444,643
2021-11-21,31.18897835933568,644
2021-11-22,30.891803278688524,645
2021-11-23,30.46642064617039,646
2021-11-24,31.511253209808167,647
2021-11-25,31.898448480916855,648
2021-11-26,32.03617313023519,649
2021-11-27,31.41935256365047,650
2021-11-28,30.809189477426234,651
2021-11-29,30.673060953330012,652
2021-11-30,30.561471442400773,653
2021-12-01,31.37136823786583,654
2021-12-02,31.69221973303463,655
2021-12-03,31.574662023760755,656
2021-12-04,31.318786292384992,657
2021-12-05,30.955557140818946,658
2021-12-06,30.64103195070575,659
2021-12-07,30.94599099849975,660
2021-12-08,31.352276377067607,661
2021-12-09,31.743073437017202,662
2021-12-10,31.559745895405538,663
2021-12-11,31.207855758416883,664
2021-12-12,31.0854557277555,665
2021-12-13,31.426583044868842,666
2021-12-14,31.925926540730167,667
2021-12-15,32.74030945200367,668
2021-12-16,33.09241858669069,669
2021-12-17,33.37787884881534,670
2021-12-18,33.08623803044368,671
2021-12-19,33.393394734156544,672
2021-12-20,34.1055666958027,673
2021-12-21,34.59376718535788,674
2021-12-22,35.08474545441317,675
2021-12-23,35.562499083160965,676
2021-12-24,36.36895709085938,677
2021-12-25,37.69121161978305,678
2021-12-26,37.05253569869993,679
2021-12-27,37.66830457324151,680
2021-12-28,38.25836345866255,681
2021-12-29,38.619606980627324,682
2021-12-30,38.650230823400534,683
2021-12-31,39.03642253428487,684
2022-01-01,38.58025066310312,685
2022-01-02,37.27855832808831,686
2022-01-03,37.01484885013385,687
2022-01-04,36.72394079159069,688
2022-01-05,35.55218968701533,689
2022-01-06,35.55442254199208,690
2022-01-07,36.46262596239585,691
2022-01-08,35.66598513011152,692
2022-01-09,34.331306622741145,693
2022-01-10,34.25969348393304,694
2022-01-11,33.70553143175842,695
2022-01-12,34.076980233974325,696
2022-01-13,33.05687005568701,697
2022-01-14,32.23789109003598,698
2022-01-15,30.69310600444774,699
2022-01-16,29.347031347189784,700
2022-01-17,30.24133625410734,701
2022-01-18,30.386239855023042,702
2022-01-19,31.48258606265299,703
2022-01-20,31.29880869766366,704
2022-01-21,31.10175257863075,705
2022-01-22,30.311328286500434,706
2022-01-23,29.676359268408767,707
2022-01-24,30.601826740091752,708
2022-01-25,31.406835836354222,709
2022-01-26,32.663249279228886,710
2022-01-27,32.86399723223715,711
2022-01-28,33.09908382830886,712
2022-01-29,32.7768618080446,713
2022-01-30,32.06123775445932,714
2022-01-31,33.02776547290467,715
2022-02-01,34.02934088753301,716
2022-02-02,35.549121964878594,717
2022-02-03,35.33575296241074,718
2022-02-04,36.18149636433218,719
2022-02-05,35.926794169529295,720
2022-02-06,34.94404664279857,721
2022-02-07,35.762620751628745,722
2022-02-08,36.60243389314085,723
2022-02-09,37.33629900227826,724
2022-02-10,37.64946048410615,725
2022-02-11,38.63322023176237,726
2022-02-12,38.768435049908476,727
2022-02-13,38.04638279383011,728
2022-02-14,38.76336835131554,729
2022-02-15,39.31023048624841,730
2022-02-16,40.0060323588428,731
2022-02-17,40.12711365975592,732
2022-02-18,41.35371750957082,733
2022-02-19,39.9391771359168,734
2022-02-20,40.23860826563052,735
2022-02-21,41.07926903429822,736
2022-02-22,41.60453925159808,737
2022-02-23,42.10084195890622,738
2022-02-24,43.1171307784211,739
2022-02-25,43.268023465239544,740
2022-02-26,42.90119760479042,741
2022-02-27,42.00212631197973,742
2022-02-28,42.28834810585749,743
2022-03-01,42.38884684514237,744
2022-03-02,42.75866986938898,745
2022-03-03,42.852305682144106,746
2022-03-04,42.55871932817215,747
2022-03-05,41.51365572097279,748
2022-03-06,40.42126204104426,749
2022-03-07,40.316915266244244,750
2022-03-08,40.621741297347036,751
2022-03-09,41.448912886449,752
2022-03-10,41.59908494315556,753
2022-03-11,42.03563341904287,754
2022-03-12,42.075972091884616,755
2022-03-13,41.0724977547151,756
2022-03-14,41.09159462358806,757
2022-03-15,41.3498285652333,758
2022-03-16,42.1893352683476,759
2022-03-17,42.509488369334775,760
2022-03-18,43.561426694990836,761
2022-03-19,43.09884861252361,762
2022-03-20,41.901185948309426,763
2022-03-21,42.310478380248675,764
2022-03-22,42.95168608215818,765
2022-03-23,43.52459545255117,766
2022-03-24,44.0009147457007,767
2022-03-25,44.890522195386026,768
2022-03-26,44.78462715179211,769
2022-03-27,43.5289870111901,770
2022-03-28,43.94148895610401,771
2022-03-29,44.45760542840987,772
2022-03-30,44.9063884579088,773
2022-03-31,46.175846066284315,774
2022-04-01,46.99711284782717,775
2022-04-02,47.411503018748014,776
2022-04-03,46.59096027701923,777
2022-04-04,47.2321125445595,778
2022-04-05,47.75728155339806,779
2022-04-06,47.85821424675466,780
2022-04-07,48.57501663867144,781
2022-04-08,49.51263869498126,782
2022-04-09,48.89658941845212,783
2022-04-10,48.326289426312904,784
2022-04-11,49.588825496753884,785
2022-04-12,49.32083578143361,786
2022-04-13,49.69601656478012,787
2022-04-14,50.521351478179255,788
2022-04-15,49.85463091922006,789
2022-04-16,50.110417966313165,790
2022-04-17,49.16368680641184,791
2022-04-18,48.223023686519156,792
2022-04-19,48.779081133919846,793
2022-04-20,48.7624703087886,794
2022-04-21,48.707267179807225,795
2022-04-22,49.51134626217108,796
2022-04-23,49.00794405860527,797
2022-04-24,46.69161170302723,798
2022-04-25,48.205339733013346,799
2022-04-26,48.66488413547237,800
2022-04-27,48.30436298436099,801
2022-04-28,48.395995550611794,802
2022-04-29,48.85223692501575,803
2022-04-30,48.439877121123466,804
2022-05-01,47.09726740403383,805
2022-05-02,46.040209790209794,806
2022-05-03,46.49611281865847,807
2022-05-04,46.74832560535806,808
2022-05-05,46.66050252436304,809
2022-05-06,47.51617250673854,810
2022-05-07,47.271899255504515,811
2022-05-08,45.28696051423324,812
2022-05-09,43.46035304006725,813
2022-05-10,46.17483296213808,814
2022-05-11,45.95779446530385,815
2022-05-12,47.00316455696203,816
2022-05-13,47.969348659003835,817
2022-05-14,47.21204701273262,818
2022-05-15,45.23412994772218,819
2022-05-16,45.961783439490446,820
2022-05-17,46.335798816568044,821
2022-05-18,47.00449739624428,822
2022-05-19,46.85774204823488,823
2022-05-20,49.37262547490502,824
2022-05-21,47.75464064731081,825
2022-05-22,46.19047619047619,826
2022-05-23,46.86805667364354,827
2022-05-24,47.04069662515791,828
2022-05-25,46.972967716841694,829
2022-05-26,48.00146259924781,830
2022-05-27,48.7185534591195,831
2022-05-28,48.07795046138902,832
2022-05-29,48.20800257455482,833
2022-05-30,48.39179548156956,834
2022-05-31,50.14086823065117,835
2022-06-01,48.99938369431238,836
2022-06-02,48.93675889328063,837
2022-06-03,48.90974729241877,838
2022-06-04,47.78856914468425,839
2022-06-05,46.52619247867356,840
2022-06-06,46.68085761181781,841
2022-06-07,46.92497610704046,842
2022-06-08,47.17880627212949,843
2022-06-09,47.91697300703708,844
2022-06-10,48.042593000220116,845
2022-06-11,48.30097375608597,846
2022-06-12,46.58878067053755,847
2022-06-13,47.19466241939243,848
2022-06-14,46.91297958535229,849
2022-06-15,47.16691039077098,850
2022-06-16,47.6397567978382,851
2022-06-17,48.84248467581801,852
2022-06-18,48.33218351155571,853
2022-06-19,46.74293707259791,854
2022-06-20,47.644070817490494,855
2022-06-21,46.996347448921355,856
2022-06-22,48.28445789265313,857
2022-06-23,48.43548968917213,858
2022-06-24,49.321136641565296,859
2022-06-25,48.8115776345874,860
2022-06-26,47.116497024306135,861
2022-06-27,47.639380022962115,862
2022-06-28,47.36004680401964,863
2022-06-29,47.561291516328986,864
2022-06-30,47.55369315528994,865
2022-07-01,48.64788497305546,866
2022-07-02,47.96789319940552,867
2022-07-03,46.705369234445946,868
2022-07-04,47.338032591809075,869
2022-07-05,47.087483488629466,870
2022-07-06,47.61345279687441,871
2022-07-07,48.254496515461334,872
2022-07-08,49.175877689694225,873
2022-07-09,48.3444017847878,874
2022-07-10,47.41132897603486,875
2022-07-11,48.01897239037354,876
2022-07-12,48.05331162675679,877
2022-07-13,48.44933767139205,878
2022-07-14,48.702097829473466,879
2022-07-15,49.77253465706156,880
2022-07-16,48.90850250073551,881
2022-07-17,47.80713553676659,882
2022-07-18,49.35046395431834,883
2022-07-19,49.51869032301754,884
2022-07-20,50.04861928161118,885
2022-07-21,50.57310930982923,886
2022-07-22,51.02223622614332,887
2022-07-23,50.38307588228662,888
2022-07-24,49.59521935864647,889
2022-07-25,50.38231326926319,890
2022-07-26,50.54481335764322,891
2022-07-27,50.44224404825451,892
2022-07-28,51.026029055690074,893
2022-07-29,51.659479899164126,894
2022-07-30,50.750075918615245,895
2022-07-31,49.96000524521374,896
2022-08-01,51.00935218978102,897
2022-08-02,51.270451470045515,898
2022-08-03,51.300627301240965,899
2022-08-04,51.10625290202755,900
2022-08-05,51.96740446135224,901
2022-08-06,51.00218886804252,902
2022-08-07,50.10624679979519,903
2022-08-08,51.3113784949228,904
2022-08-09,51.85702068107604,905
2022-08-10,52.28900470746469,906
2022-08-11,51.858832224685884,907
2022-08-12,52.80670320404722,908
2022-08-13,52.203722461382625,909
2022-08-14,50.49831791421362,910
2022-08-15,51.51042602912098,911
2022-08-16,50.71148325358852,912
2022-08-17,51.01711463358603,913
2022-08-18,51.622257053291534,914
2022-08-19,52.67204628501827,915
2022-08-20,51.122668579626975,916
2022-08-21,50.66247858366648,917
2022-08-22,51.084350972410675,918
2022-08-23,51.653558052434455,919
2022-08-24,51.53438469493278,920
2022-08-25,51.98340055848588,921
2022-08-26,52.55723905723906,922
2022-08-27,51.70755451713396,923
2022-08-28,51.97019867549669,924
2022-08-29,50.71036507531274,925
2022-08-30,51.16029222174473,926
2022-08-31,51.801321138211385,927
2022-09-01,51.319055244195354,928
2022-09-02,52.107142857142854,929
2022-09-03,50.55067567567568,930
2022-09-04,49.66342308717675,931
2022-09-05,51.43946342581977,932
2022-09-06,51.040554284261376,933
2022-09-07,51.454983922829584,934
2022-09-08,51.767387944358575,935
2022-09-09,52.47412677878396,936
2022-09-10,50.89298245614035,937
2022-09-11,48.957635848570696,938
2022-09-12,50.68413237165889,939
2022-09-13,51.528553027050236,940
2022-09-14,50.58186738836265,941
2022-09-15,50.95341018251681,942
2022-09-16,52.630151843817785,943
2022-09-17,51.23617693522907,944
2022-09-18,51.42384105960265,945
2022-09-19,49.58560379680085,946
2022-09-20,51.91991643454039,947
2022-09-21,52.961337588858264,948
2022-09-22,53.61740309459244,949
2022-09-23,55.5994983277592,950
2022-09-24,53.6130007558579,951
2022-09-25,52.3053400954654,952
2022-09-26,53.787425149700596,953
2022-09-27,54.21488414713968,954
2022-09-28,54.972047294692196,955
2022-09-29,55.58332196918042,956
2022-09-30,56.30045319359864,957
2022-10-01,54.389126450824676,958
2022-10-02,52.91219682835821,959
2022-10-03,54.471096130759996,960
2022-10-04,54.636907611297275,961
2022-10-05,54.41785864535128,962
2022-10-06,55.277904328018224,963
2022-10-07,56.299662894293284,964
2022-10-08,55.06173780487805,965
2022-10-09,52.81672508763145,966
2022-10-10,54.787478314113685,967
2022-10-11,54.76602673980116,968
2022-10-12,54.29437979697945,969
2022-10-13,55.03716485266791,970
2022-10-14,55.45249178532311,971
2022-10-15,54.465569112485376,972
2022-10-16,53.016169154228855,973
2022-10-17,54.25438596491228,974
2022-10-18,54.365318981359934,975
2022-10-19,53.666953035509735,976
2022-10-20,54.80890138980807,977
2022-10-21,55.908853258975256,978
2022-10-22,54.11079040852575,979
2022-10-23,53.07422969187675,980
2022-10-24,54.929998362534796,981
2022-10-25,54.40665631670871,982
2022-10-26,54.29738562091503,983
2022-10-27,54.69044337238686,984
2022-10-28,54.68179480586269,985
2022-10-29,53.152579241765075,986
2022-10-30,50.138888888888886,987
2022-10-31,52.21053772766695,988
2022-11-01,52.21929394459426,989
2022-11-02,52.30710092256081,990
2022-11-03,52.64651449722393,991
2022-11-04,53.14457392571013,992
2022-11-05,51.56725888324873,993
2022-11-06,49.160929432013766,994
2022-11-07,50.71243523316062,995
2022-11-08,50.991661703394875,996
2022-11-09,50.67192429022082,997
2022-11-10,51.69088625762468,998
2022-11-11,53.03985080486847,999
2022-11-12,51.85364727608495,1000
2022-11-13,49.26771504357711,1001
2022-11-14,50.75855622663215,1002
2022-11-15,49.66646634615385,1003
2022-11-16,51.09439124487004,1004
2022-11-17,51.685267857142854,1005
2022-11-18,52.03759549658223,1006
2022-11-19,51.00981287083523,1007
2022-11-20,48.52189781021898,1008
2022-11-21,49.98155505107832,1009
2022-11-22,50.50116380564446,1010
2022-11-23,51.16243025418475,1011
2022-11-24,52.0542570951586,1012
2022-11-25,53.78185621909471,1013
2022-11-26,51.42996955197912,1014
2022-11-27,49.646488719415316,1015
2022-11-28,51.27667140825036,1016
2022-11-29,51.69428282317227,1017
2022-11-30,51.928690575479564,1018
2022-12-01,51.95590994371482,1019
2022-12-02,55.42126225490196,1020
2022-12-03,52.043795620437955,1021
2022-12-04,50.29917671273155,1022
2022-12-05,52.250465934976184,1023
2022-12-06,52.36914309835374,1024
2022-12-07,52.78800346470334,1025
2022-12-08,54.78624078624079,1026
2022-12-09,55.29002624671916,1027
2022-12-10,53.04553789731052,1028
2022-12-11,51.40591589451176,1029
2022-12-12,53.78041074249605,1030
2022-12-13,54.86001240887234,1031
2022-12-14,54.49023404613571,1032
2022-12-15,55.30195865070729,1033
2022-12-16,56.97454844006568,1034
2022-12-17,55.28473534971645,1035
2022-12-18,53.968762126503684,1036
2022-12-19,56.494169096209916,1037
2022-12-20,57.37835903959294,1038
2022-12-21,60.86788244555235,1039
2022-12-22,57.67080244924267,1040
2022-12-23,59.49480869063642,1041
2022-12-24,58.51964949548593,1042
2022-12-25,57.63925925925926,1043
2022-12-26,57.890292999329006,1044
2022-12-27,58.05806451612903,1045
2022-12-28,59.48201771783684,1046
2022-12-29,59.86564576711933,1047
2022-12-30,59.99635966508919,1048
2022-12-31,58.77390180878553,1049
2023-01-01,57.8609022556391,1050
2023-01-02,56.66955017301038,1051
2023-01-03,57.61407511407511,1052
2023-01-04,57.67141138732959,1053
2023-01-05,58.43584177520502,1054
2023-01-06,59.811097992916174,1055
2023-01-07,56.07232180075031,1056
2023-01-08,53.993167202572344,1057
2023-01-09,57.6555136663525,1058
2023-01-10,59.0603847524047,1059
2023-01-11,58.05979643765903,1060
2023-01-12,57.20561387494295,1061
2023-01-13,59.04780771262546,1062
2023-01-14,58.054716981132074,1063
2023-01-15,52.90119760479042,1064
2023-01-16,56.816202090592334,1065
2023-01-17,57.677215189873415,1066
2023-01-18,57.009023354564754,1067
2023-01-19,57.18906163242643,1068
2023-01-20,58.995271867612296,1069
2023-01-21,56.07091690544413,1070
2023-01-22,52.87313432835821,1071
2023-01-23,55.42492619148039,1072
2023-01-24,56.812721543914925,1073
2023-01-25,57.07556935817805,1074
2023-01-26,55.685936151855046,1075
2023-01-27,58.13111111111111,1076
2023-01-28,55.33166109253066,1077
2023-01-29,52.37511150758252,1078
2023-01-30,55.334306793728864,1079
2023-01-31,56.5640318627451,1080
2023-02-01,57.251017851550266,1081
2023-02-02,57.16372282608695,1082
2023-02-03,58.35986095865349,1083
2023-02-04,56.265822784810126,1084
2023-02-05,53.96073903002309,1085
2023-02-06,57.834815226451795,1086
2023-02-07,56.88966438966439,1087
2023-02-08,56.76390568319226,1088
2023-02-09,57.403909874088804,1089
2023-02-10,59.56748263314588,1090
2023-02-11,57.95245077503142,1091
2023-02-12,56.755319148936174,1092
2023-02-13,58.95985401459854,1093
2023-02-14,59.67015887635275,1094
2023-02-15,57.62480699948533,1095
2023-02-16,58.89292878635908,1096
2023-02-17,60.000665424540855,1097
2023-02-18,57.234024179620036,1098
2023-02-19,56.165889892222545,1099
2023-02-20,57.75363917071019,1100
2023-02-21,59.21288743882545,1101
2023-02-22,58.225827469377116,1102
2023-02-23,58.42116661853884,1103
2023-02-24,59.15479274611399,1104
2023-02-25,57.995818399044204,1105
2023-02-26,55.978185595567865,1106
2023-02-27,58.93522833178005,1107
2023-02-28,59.01779230210603,1108
2023-03-01,59.65676359039191,1109
2023-03-02,59.561986979903764,1110
2023-03-03,59.865781710914455,1111
2023-03-04,58.010763209393346,1112
2023-03-05,56.380050906776965,1113
2023-03-06,58.39509566747306,1114
2023-03-07,59.64544220764533,1115
2023-03-08,59.02437602052718,1116
2023-03-09,58.90970281940564,1117
2023-03-10,60.264557670772675,1118
2023-03-11,58.28801693259525,1119
2023-03-12,56.63146123260437,1120
2023-03-13,58.24464048567634,1121
2023-03-14,58.40684335443038,1122
2023-03-15,57.76970954356847,1123
2023-03-16,58.83000927643785,1124
2023-03-17,59.75495519956557,1125
2023-03-18,57.810880829015545,1126
2023-03-19,55.901146914254504,1127
2023-03-20,57.23409912784514,1128
2023-03-21,58.65076013513514,1129
2023-03-22,57.817368053940946,1130
2023-03-23,58.75476250952502,1131
2023-03-24,60.5045748116254,1132
2023-03-25,57.76584122359796,1133
2023-03-26,55.98677922905384,1134
2023-03-27,58.27278562259307,1135
2023-03-28,57.01499859826185,1136
2023-03-29,58.481908374671725,1137
2023-03-30,58.43069306930693,1138
2023-03-31,59.16733708769107,1139
2023-04-01,58.86758321273517,1140
2023-04-02,57.92149866190901,1141
2023-04-03,59.033251231527096,1142
2023-04-04,58.826247689463955,1143
2023-04-05,57.74763619990995,1144
2023-04-06,60.37255909558068,1145
2023-04-07,60.295969773299745,1146
2023-04-08,60.29023746701847,1147
2023-04-09,59.76965601965602,1148
2023-04-10,58.75235404896422,1149
2023-04-11,58.82905793896506,1150
2023-04-12,59.32422451994091,1151
2023-04-13,59.40983606557377,1152
2023-04-14,58.926675514266755,1153
2023-04-15,57.73481781376518,1154
2023-04-16,57.681347150259064,1155
2023-04-17,56.86282253817799,1156
2023-04-18,56.34854127870888,1157
2023-04-19,56.42107892107892,1158
